{
  "lat": 45.7635,
  "lon": 21.2405,
  "timezone": "Europe/Bucharest",
  "timezone_offset": 10800,
  "current": {
    "dt": 1652339713,
    "sunrise": 1652324857,
    "sunset": 1652378117,
    "temp": 20.52,
    "feels_like": 20.25,
    "pressure": 1020,
    "humidity": 62,
    "dew_point": 13,
    "uvi": 2.73,
    "clouds": 0,
    "visibility": 10000,
    "wind_speed": 3.6,
    "wind_deg": 140,
    "weather": [
      { "id": 800, "main": "Clear", "description": "clear sky", "icon": "01d" }
    ]
  },
  "hourly": [
    {
      "dt": 1652338800,
      "temp": 20.52,
      "feels_like": 20.25,
      "pressure": 1020,
      "humidity": 62,
      "dew_point": 13,
      "uvi": 2.73,
      "clouds": 0,
      "visibility": 10000,
      "wind_speed": 3.35,
      "wind_deg": 175,
      "wind_gust": 4.36,
      "weather": [
        {
          "id": 800,
          "main": "Clear",
          "description": "clear sky",
          "icon": "01d"
        }
      ],
      "pop": 0
    },
    {
      "dt": 1652342400,
      "temp": 20.8,
      "feels_like": 20.53,
      "pressure": 1020,
      "humidity": 61,
      "dew_point": 13.01,
      "uvi": 4.31,
      "clouds": 3,
      "visibility": 10000,
      "wind_speed": 3.27,
      "wind_deg": 184,
      "wind_gust": 4.09,
      "weather": [
        {
          "id": 800,
          "main": "Clear",
          "description": "clear sky",
          "icon": "01d"
        }
      ],
      "pop": 0
    },
    {
      "dt": 1652346000,
      "temp": 21.72,
      "feels_like": 21.46,
      "pressure": 1020,
      "humidity": 58,
      "dew_point": 13.1,
      "uvi": 5.75,
      "clouds": 7,
      "visibility": 10000,
      "wind_speed": 3.48,
      "wind_deg": 192,
      "wind_gust": 4.14,
      "weather": [
        {
          "id": 800,
          "main": "Clear",
          "description": "clear sky",
          "icon": "01d"
        }
      ],
      "pop": 0
    },
    {
      "dt": 1652349600,
      "temp": 23.04,
      "feels_like": 22.76,
      "pressure": 1020,
      "humidity": 52,
      "dew_point": 12.66,
      "uvi": 6.65,
      "clouds": 10,
      "visibility": 10000,
      "wind_speed": 3.49,
      "wind_deg": 200,
      "wind_gust": 3.73,
      "weather": [
        {
          "id": 800,
          "main": "Clear",
          "description": "clear sky",
          "icon": "01d"
        }
      ],
      "pop": 0
    },
    {
      "dt": 1652353200,
      "temp": 24.48,
      "feels_like": 24.21,
      "pressure": 1019,
      "humidity": 47,
      "dew_point": 12.44,
      "uvi": 6.73,
      "clouds": 14,
      "visibility": 10000,
      "wind_speed": 3.17,
      "wind_deg": 201,
      "wind_gust": 3.25,
      "weather": [
        {
          "id": 801,
          "main": "Clouds",
          "description": "few clouds",
          "icon": "02d"
        }
      ],
      "pop": 0
    },
    {
      "dt": 1652356800,
      "temp": 26.04,
      "feels_like": 26.04,
      "pressure": 1019,
      "humidity": 43,
      "dew_point": 12.68,
      "uvi": 5.98,
      "clouds": 17,
      "visibility": 10000,
      "wind_speed": 2.87,
      "wind_deg": 200,
      "wind_gust": 3.04,
      "weather": [
        {
          "id": 801,
          "main": "Clouds",
          "description": "few clouds",
          "icon": "02d"
        }
      ],
      "pop": 0
    },
    {
      "dt": 1652360400,
      "temp": 26.47,
      "feels_like": 26.47,
      "pressure": 1019,
      "humidity": 43,
      "dew_point": 13.06,
      "uvi": 4.59,
      "clouds": 16,
      "visibility": 10000,
      "wind_speed": 2.65,
      "wind_deg": 202,
      "wind_gust": 3.04,
      "weather": [
        {
          "id": 801,
          "main": "Clouds",
          "description": "few clouds",
          "icon": "02d"
        }
      ],
      "pop": 0
    },
    {
      "dt": 1652364000,
      "temp": 26.55,
      "feels_like": 26.55,
      "pressure": 1018,
      "humidity": 43,
      "dew_point": 13.07,
      "uvi": 3.01,
      "clouds": 10,
      "visibility": 10000,
      "wind_speed": 2.43,
      "wind_deg": 204,
      "wind_gust": 2.94,
      "weather": [
        {
          "id": 800,
          "main": "Clear",
          "description": "clear sky",
          "icon": "01d"
        }
      ],
      "pop": 0
    },
    {
      "dt": 1652367600,
      "temp": 26.52,
      "feels_like": 26.52,
      "pressure": 1018,
      "humidity": 44,
      "dew_point": 13.56,
      "uvi": 1.62,
      "clouds": 9,
      "visibility": 10000,
      "wind_speed": 1.99,
      "wind_deg": 206,
      "wind_gust": 2.73,
      "weather": [
        {
          "id": 800,
          "main": "Clear",
          "description": "clear sky",
          "icon": "01d"
        }
      ],
      "pop": 0
    },
    {
      "dt": 1652371200,
      "temp": 26,
      "feels_like": 26,
      "pressure": 1017,
      "humidity": 55,
      "dew_point": 16.35,
      "uvi": 0.66,
      "clouds": 10,
      "visibility": 10000,
      "wind_speed": 1.55,
      "wind_deg": 173,
      "wind_gust": 1.94,
      "weather": [
        {
          "id": 800,
          "main": "Clear",
          "description": "clear sky",
          "icon": "01d"
        }
      ],
      "pop": 0
    },
    {
      "dt": 1652374800,
      "temp": 23.11,
      "feels_like": 23.04,
      "pressure": 1017,
      "humidity": 60,
      "dew_point": 15,
      "uvi": 0.18,
      "clouds": 9,
      "visibility": 10000,
      "wind_speed": 2.29,
      "wind_deg": 141,
      "wind_gust": 2.32,
      "weather": [
        {
          "id": 800,
          "main": "Clear",
          "description": "clear sky",
          "icon": "01d"
        }
      ],
      "pop": 0
    },
    {
      "dt": 1652378400,
      "temp": 20.42,
      "feels_like": 20.16,
      "pressure": 1018,
      "humidity": 63,
      "dew_point": 13.19,
      "uvi": 0,
      "clouds": 8,
      "visibility": 10000,
      "wind_speed": 2.66,
      "wind_deg": 138,
      "wind_gust": 2.65,
      "weather": [
        {
          "id": 800,
          "main": "Clear",
          "description": "clear sky",
          "icon": "01n"
        }
      ],
      "pop": 0
    },
    {
      "dt": 1652382000,
      "temp": 19.24,
      "feels_like": 18.89,
      "pressure": 1018,
      "humidity": 64,
      "dew_point": 12.38,
      "uvi": 0,
      "clouds": 0,
      "visibility": 10000,
      "wind_speed": 3.1,
      "wind_deg": 145,
      "wind_gust": 3.18,
      "weather": [
        {
          "id": 800,
          "main": "Clear",
          "description": "clear sky",
          "icon": "01n"
        }
      ],
      "pop": 0
    },
    {
      "dt": 1652385600,
      "temp": 18.26,
      "feels_like": 17.84,
      "pressure": 1019,
      "humidity": 65,
      "dew_point": 11.7,
      "uvi": 0,
      "clouds": 5,
      "visibility": 10000,
      "wind_speed": 2.39,
      "wind_deg": 154,
      "wind_gust": 2.45,
      "weather": [
        {
          "id": 800,
          "main": "Clear",
          "description": "clear sky",
          "icon": "01n"
        }
      ],
      "pop": 0
    },
    {
      "dt": 1652389200,
      "temp": 17.65,
      "feels_like": 17.19,
      "pressure": 1019,
      "humidity": 66,
      "dew_point": 11.13,
      "uvi": 0,
      "clouds": 5,
      "visibility": 10000,
      "wind_speed": 2.42,
      "wind_deg": 160,
      "wind_gust": 2.46,
      "weather": [
        {
          "id": 800,
          "main": "Clear",
          "description": "clear sky",
          "icon": "01n"
        }
      ],
      "pop": 0
    },
    {
      "dt": 1652392800,
      "temp": 17.05,
      "feels_like": 16.53,
      "pressure": 1019,
      "humidity": 66,
      "dew_point": 10.73,
      "uvi": 0,
      "clouds": 6,
      "visibility": 10000,
      "wind_speed": 2.47,
      "wind_deg": 137,
      "wind_gust": 2.51,
      "weather": [
        {
          "id": 800,
          "main": "Clear",
          "description": "clear sky",
          "icon": "01n"
        }
      ],
      "pop": 0
    },
    {
      "dt": 1652396400,
      "temp": 16.53,
      "feels_like": 16.01,
      "pressure": 1019,
      "humidity": 68,
      "dew_point": 10.51,
      "uvi": 0,
      "clouds": 21,
      "visibility": 10000,
      "wind_speed": 2.04,
      "wind_deg": 108,
      "wind_gust": 2.14,
      "weather": [
        {
          "id": 801,
          "main": "Clouds",
          "description": "few clouds",
          "icon": "02n"
        }
      ],
      "pop": 0
    },
    {
      "dt": 1652400000,
      "temp": 15.95,
      "feels_like": 15.43,
      "pressure": 1018,
      "humidity": 70,
      "dew_point": 10.57,
      "uvi": 0,
      "clouds": 19,
      "visibility": 10000,
      "wind_speed": 2.66,
      "wind_deg": 124,
      "wind_gust": 2.75,
      "weather": [
        {
          "id": 801,
          "main": "Clouds",
          "description": "few clouds",
          "icon": "02n"
        }
      ],
      "pop": 0
    },
    {
      "dt": 1652403600,
      "temp": 15.48,
      "feels_like": 14.96,
      "pressure": 1019,
      "humidity": 72,
      "dew_point": 10.56,
      "uvi": 0,
      "clouds": 10,
      "visibility": 10000,
      "wind_speed": 2.34,
      "wind_deg": 133,
      "wind_gust": 2.35,
      "weather": [
        {
          "id": 800,
          "main": "Clear",
          "description": "clear sky",
          "icon": "01n"
        }
      ],
      "pop": 0
    },
    {
      "dt": 1652407200,
      "temp": 15.22,
      "feels_like": 14.7,
      "pressure": 1018,
      "humidity": 73,
      "dew_point": 10.47,
      "uvi": 0,
      "clouds": 9,
      "visibility": 10000,
      "wind_speed": 2.41,
      "wind_deg": 144,
      "wind_gust": 2.52,
      "weather": [
        {
          "id": 800,
          "main": "Clear",
          "description": "clear sky",
          "icon": "01n"
        }
      ],
      "pop": 0
    },
    {
      "dt": 1652410800,
      "temp": 14.74,
      "feels_like": 14.2,
      "pressure": 1018,
      "humidity": 74,
      "dew_point": 10.18,
      "uvi": 0,
      "clouds": 9,
      "visibility": 10000,
      "wind_speed": 1.55,
      "wind_deg": 159,
      "wind_gust": 1.61,
      "weather": [
        {
          "id": 800,
          "main": "Clear",
          "description": "clear sky",
          "icon": "01n"
        }
      ],
      "pop": 0
    },
    {
      "dt": 1652414400,
      "temp": 15.47,
      "feels_like": 15.03,
      "pressure": 1018,
      "humidity": 75,
      "dew_point": 11.08,
      "uvi": 0.14,
      "clouds": 9,
      "visibility": 10000,
      "wind_speed": 0.78,
      "wind_deg": 174,
      "wind_gust": 0.9,
      "weather": [
        {
          "id": 800,
          "main": "Clear",
          "description": "clear sky",
          "icon": "01d"
        }
      ],
      "pop": 0
    },
    {
      "dt": 1652418000,
      "temp": 17.77,
      "feels_like": 17.4,
      "pressure": 1019,
      "humidity": 69,
      "dew_point": 12.09,
      "uvi": 0.56,
      "clouds": 11,
      "visibility": 10000,
      "wind_speed": 1.37,
      "wind_deg": 131,
      "wind_gust": 1.5,
      "weather": [
        {
          "id": 801,
          "main": "Clouds",
          "description": "few clouds",
          "icon": "02d"
        }
      ],
      "pop": 0
    },
    {
      "dt": 1652421600,
      "temp": 19.6,
      "feels_like": 19.31,
      "pressure": 1019,
      "humidity": 65,
      "dew_point": 12.87,
      "uvi": 1.44,
      "clouds": 11,
      "visibility": 10000,
      "wind_speed": 1.83,
      "wind_deg": 119,
      "wind_gust": 1.74,
      "weather": [
        {
          "id": 801,
          "main": "Clouds",
          "description": "few clouds",
          "icon": "02d"
        }
      ],
      "pop": 0
    },
    {
      "dt": 1652425200,
      "temp": 21.28,
      "feels_like": 21.06,
      "pressure": 1019,
      "humidity": 61,
      "dew_point": 13.58,
      "uvi": 2.79,
      "clouds": 43,
      "visibility": 10000,
      "wind_speed": 1.58,
      "wind_deg": 144,
      "wind_gust": 1.29,
      "weather": [
        {
          "id": 802,
          "main": "Clouds",
          "description": "scattered clouds",
          "icon": "03d"
        }
      ],
      "pop": 0
    },
    {
      "dt": 1652428800,
      "temp": 22.91,
      "feels_like": 22.77,
      "pressure": 1018,
      "humidity": 58,
      "dew_point": 14.28,
      "uvi": 4.39,
      "clouds": 53,
      "visibility": 10000,
      "wind_speed": 1.71,
      "wind_deg": 168,
      "wind_gust": 1.39,
      "weather": [
        {
          "id": 803,
          "main": "Clouds",
          "description": "broken clouds",
          "icon": "04d"
        }
      ],
      "pop": 0
    },
    {
      "dt": 1652432400,
      "temp": 24.6,
      "feels_like": 24.55,
      "pressure": 1018,
      "humidity": 55,
      "dew_point": 15.03,
      "uvi": 5.86,
      "clouds": 53,
      "visibility": 10000,
      "wind_speed": 1.42,
      "wind_deg": 189,
      "wind_gust": 1.32,
      "weather": [
        {
          "id": 803,
          "main": "Clouds",
          "description": "broken clouds",
          "icon": "04d"
        }
      ],
      "pop": 0
    },
    {
      "dt": 1652436000,
      "temp": 25.82,
      "feels_like": 25.82,
      "pressure": 1018,
      "humidity": 52,
      "dew_point": 15.18,
      "uvi": 6.77,
      "clouds": 43,
      "visibility": 10000,
      "wind_speed": 1.61,
      "wind_deg": 204,
      "wind_gust": 1.73,
      "weather": [
        {
          "id": 802,
          "main": "Clouds",
          "description": "scattered clouds",
          "icon": "03d"
        }
      ],
      "pop": 0
    },
    {
      "dt": 1652439600,
      "temp": 26.7,
      "feels_like": 27.09,
      "pressure": 1017,
      "humidity": 49,
      "dew_point": 15.14,
      "uvi": 6.86,
      "clouds": 40,
      "visibility": 10000,
      "wind_speed": 1.84,
      "wind_deg": 218,
      "wind_gust": 2.23,
      "weather": [
        {
          "id": 802,
          "main": "Clouds",
          "description": "scattered clouds",
          "icon": "03d"
        }
      ],
      "pop": 0
    },
    {
      "dt": 1652443200,
      "temp": 27.37,
      "feels_like": 27.51,
      "pressure": 1016,
      "humidity": 46,
      "dew_point": 14.83,
      "uvi": 6.1,
      "clouds": 35,
      "visibility": 10000,
      "wind_speed": 1.97,
      "wind_deg": 226,
      "wind_gust": 2.65,
      "weather": [
        {
          "id": 802,
          "main": "Clouds",
          "description": "scattered clouds",
          "icon": "03d"
        }
      ],
      "pop": 0
    },
    {
      "dt": 1652446800,
      "temp": 27.95,
      "feels_like": 27.9,
      "pressure": 1015,
      "humidity": 44,
      "dew_point": 14.61,
      "uvi": 4.66,
      "clouds": 9,
      "visibility": 10000,
      "wind_speed": 2.03,
      "wind_deg": 244,
      "wind_gust": 2.94,
      "weather": [
        {
          "id": 800,
          "main": "Clear",
          "description": "clear sky",
          "icon": "01d"
        }
      ],
      "pop": 0
    },
    {
      "dt": 1652450400,
      "temp": 28.13,
      "feels_like": 28,
      "pressure": 1015,
      "humidity": 43,
      "dew_point": 14.36,
      "uvi": 3.07,
      "clouds": 10,
      "visibility": 10000,
      "wind_speed": 2.21,
      "wind_deg": 260,
      "wind_gust": 3.26,
      "weather": [
        {
          "id": 800,
          "main": "Clear",
          "description": "clear sky",
          "icon": "01d"
        }
      ],
      "pop": 0
    },
    {
      "dt": 1652454000,
      "temp": 28.05,
      "feels_like": 28,
      "pressure": 1014,
      "humidity": 44,
      "dew_point": 14.54,
      "uvi": 1.65,
      "clouds": 13,
      "visibility": 10000,
      "wind_speed": 2.02,
      "wind_deg": 259,
      "wind_gust": 3.42,
      "weather": [
        {
          "id": 801,
          "main": "Clouds",
          "description": "few clouds",
          "icon": "02d"
        }
      ],
      "pop": 0
    },
    {
      "dt": 1652457600,
      "temp": 27.43,
      "feels_like": 28.14,
      "pressure": 1014,
      "humidity": 54,
      "dew_point": 17.33,
      "uvi": 0.4,
      "clouds": 25,
      "visibility": 10000,
      "wind_speed": 1.43,
      "wind_deg": 205,
      "wind_gust": 1.87,
      "weather": [
        {
          "id": 802,
          "main": "Clouds",
          "description": "scattered clouds",
          "icon": "03d"
        }
      ],
      "pop": 0.01
    },
    {
      "dt": 1652461200,
      "temp": 23.45,
      "feels_like": 23.55,
      "pressure": 1014,
      "humidity": 65,
      "dew_point": 16.39,
      "uvi": 0.11,
      "clouds": 40,
      "visibility": 10000,
      "wind_speed": 3.72,
      "wind_deg": 297,
      "wind_gust": 5.44,
      "weather": [
        {
          "id": 500,
          "main": "Rain",
          "description": "light rain",
          "icon": "10d"
        }
      ],
      "pop": 0.37,
      "rain": { "1h": 0.17 }
    },
    {
      "dt": 1652464800,
      "temp": 18.69,
      "feels_like": 18.96,
      "pressure": 1015,
      "humidity": 90,
      "dew_point": 17.04,
      "uvi": 0,
      "clouds": 50,
      "visibility": 5778,
      "wind_speed": 3.49,
      "wind_deg": 7,
      "wind_gust": 5.57,
      "weather": [
        {
          "id": 501,
          "main": "Rain",
          "description": "moderate rain",
          "icon": "10n"
        }
      ],
      "pop": 0.33,
      "rain": { "1h": 1.57 }
    },
    {
      "dt": 1652468400,
      "temp": 18.6,
      "feels_like": 18.87,
      "pressure": 1016,
      "humidity": 90,
      "dew_point": 16.98,
      "uvi": 0,
      "clouds": 96,
      "visibility": 10000,
      "wind_speed": 3.83,
      "wind_deg": 20,
      "wind_gust": 7.59,
      "weather": [
        {
          "id": 500,
          "main": "Rain",
          "description": "light rain",
          "icon": "10n"
        }
      ],
      "pop": 0.55,
      "rain": { "1h": 0.92 }
    },
    {
      "dt": 1652472000,
      "temp": 17.74,
      "feels_like": 17.97,
      "pressure": 1016,
      "humidity": 92,
      "dew_point": 16.5,
      "uvi": 0,
      "clouds": 76,
      "visibility": 10000,
      "wind_speed": 3.5,
      "wind_deg": 5,
      "wind_gust": 6.51,
      "weather": [
        {
          "id": 803,
          "main": "Clouds",
          "description": "broken clouds",
          "icon": "04n"
        }
      ],
      "pop": 0.47
    },
    {
      "dt": 1652475600,
      "temp": 17.1,
      "feels_like": 17.29,
      "pressure": 1017,
      "humidity": 93,
      "dew_point": 15.85,
      "uvi": 0,
      "clouds": 53,
      "visibility": 10000,
      "wind_speed": 2.9,
      "wind_deg": 22,
      "wind_gust": 4.28,
      "weather": [
        {
          "id": 500,
          "main": "Rain",
          "description": "light rain",
          "icon": "10n"
        }
      ],
      "pop": 0.55,
      "rain": { "1h": 0.18 }
    },
    {
      "dt": 1652479200,
      "temp": 17,
      "feels_like": 17.16,
      "pressure": 1017,
      "humidity": 92,
      "dew_point": 15.63,
      "uvi": 0,
      "clouds": 61,
      "visibility": 10000,
      "wind_speed": 3.54,
      "wind_deg": 357,
      "wind_gust": 5.87,
      "weather": [
        {
          "id": 803,
          "main": "Clouds",
          "description": "broken clouds",
          "icon": "04n"
        }
      ],
      "pop": 0.43
    },
    {
      "dt": 1652482800,
      "temp": 16.38,
      "feels_like": 16.48,
      "pressure": 1016,
      "humidity": 92,
      "dew_point": 15.14,
      "uvi": 0,
      "clouds": 69,
      "visibility": 10000,
      "wind_speed": 3.16,
      "wind_deg": 1,
      "wind_gust": 5.7,
      "weather": [
        {
          "id": 803,
          "main": "Clouds",
          "description": "broken clouds",
          "icon": "04n"
        }
      ],
      "pop": 0.43
    },
    {
      "dt": 1652486400,
      "temp": 15.83,
      "feels_like": 15.9,
      "pressure": 1016,
      "humidity": 93,
      "dew_point": 14.75,
      "uvi": 0,
      "clouds": 73,
      "visibility": 10000,
      "wind_speed": 3.19,
      "wind_deg": 356,
      "wind_gust": 6.45,
      "weather": [
        {
          "id": 803,
          "main": "Clouds",
          "description": "broken clouds",
          "icon": "04n"
        }
      ],
      "pop": 0.43
    },
    {
      "dt": 1652490000,
      "temp": 15.48,
      "feels_like": 15.51,
      "pressure": 1016,
      "humidity": 93,
      "dew_point": 14.39,
      "uvi": 0,
      "clouds": 99,
      "visibility": 10000,
      "wind_speed": 2.94,
      "wind_deg": 359,
      "wind_gust": 5.66,
      "weather": [
        {
          "id": 804,
          "main": "Clouds",
          "description": "overcast clouds",
          "icon": "04n"
        }
      ],
      "pop": 0
    },
    {
      "dt": 1652493600,
      "temp": 15.11,
      "feels_like": 15.13,
      "pressure": 1017,
      "humidity": 94,
      "dew_point": 14.03,
      "uvi": 0,
      "clouds": 99,
      "visibility": 10000,
      "wind_speed": 3.11,
      "wind_deg": 349,
      "wind_gust": 5.38,
      "weather": [
        {
          "id": 804,
          "main": "Clouds",
          "description": "overcast clouds",
          "icon": "04n"
        }
      ],
      "pop": 0
    },
    {
      "dt": 1652497200,
      "temp": 14.68,
      "feels_like": 14.66,
      "pressure": 1017,
      "humidity": 94,
      "dew_point": 13.73,
      "uvi": 0,
      "clouds": 99,
      "visibility": 10000,
      "wind_speed": 3.09,
      "wind_deg": 347,
      "wind_gust": 5.45,
      "weather": [
        {
          "id": 804,
          "main": "Clouds",
          "description": "overcast clouds",
          "icon": "04n"
        }
      ],
      "pop": 0
    },
    {
      "dt": 1652500800,
      "temp": 14.95,
      "feels_like": 14.96,
      "pressure": 1017,
      "humidity": 94,
      "dew_point": 13.93,
      "uvi": 0.14,
      "clouds": 93,
      "visibility": 10000,
      "wind_speed": 2.9,
      "wind_deg": 340,
      "wind_gust": 5.66,
      "weather": [
        {
          "id": 804,
          "main": "Clouds",
          "description": "overcast clouds",
          "icon": "04d"
        }
      ],
      "pop": 0
    },
    {
      "dt": 1652504400,
      "temp": 16.67,
      "feels_like": 16.72,
      "pressure": 1017,
      "humidity": 89,
      "dew_point": 14.79,
      "uvi": 0.55,
      "clouds": 91,
      "visibility": 10000,
      "wind_speed": 3,
      "wind_deg": 342,
      "wind_gust": 5.02,
      "weather": [
        {
          "id": 804,
          "main": "Clouds",
          "description": "overcast clouds",
          "icon": "04d"
        }
      ],
      "pop": 0
    },
    {
      "dt": 1652508000,
      "temp": 18.25,
      "feels_like": 18.27,
      "pressure": 1018,
      "humidity": 82,
      "dew_point": 15.31,
      "uvi": 1.4,
      "clouds": 92,
      "visibility": 10000,
      "wind_speed": 3.11,
      "wind_deg": 341,
      "wind_gust": 4.32,
      "weather": [
        {
          "id": 804,
          "main": "Clouds",
          "description": "overcast clouds",
          "icon": "04d"
        }
      ],
      "pop": 0
    }
  ],
  "daily": [
    {
      "dt": 1652349600,
      "sunrise": 1652324857,
      "sunset": 1652378117,
      "moonrise": 1652361960,
      "moonset": 1652319180,
      "moon_phase": 0.36,
      "temp": {
        "day": 23.04,
        "min": 13.19,
        "max": 26.55,
        "night": 18.26,
        "eve": 26,
        "morn": 16.23
      },
      "feels_like": { "day": 22.76, "night": 17.84, "eve": 26, "morn": 15.81 },
      "pressure": 1020,
      "humidity": 52,
      "dew_point": 12.66,
      "wind_speed": 3.49,
      "wind_deg": 200,
      "wind_gust": 4.36,
      "weather": [
        {
          "id": 800,
          "main": "Clear",
          "description": "clear sky",
          "icon": "01d"
        }
      ],
      "clouds": 10,
      "pop": 0,
      "uvi": 6.73
    },
    {
      "dt": 1652436000,
      "sunrise": 1652411183,
      "sunset": 1652464590,
      "moonrise": 1652452860,
      "moonset": 1652406720,
      "moon_phase": 0.4,
      "temp": {
        "day": 25.82,
        "min": 14.74,
        "max": 28.13,
        "night": 17.74,
        "eve": 27.43,
        "morn": 15.47
      },
      "feels_like": {
        "day": 25.82,
        "night": 17.97,
        "eve": 28.14,
        "morn": 15.03
      },
      "pressure": 1018,
      "humidity": 52,
      "dew_point": 15.18,
      "wind_speed": 3.83,
      "wind_deg": 20,
      "wind_gust": 7.59,
      "weather": [
        {
          "id": 501,
          "main": "Rain",
          "description": "moderate rain",
          "icon": "10d"
        }
      ],
      "clouds": 43,
      "pop": 0.55,
      "rain": 2.66,
      "uvi": 6.86
    },
    {
      "dt": 1652522400,
      "sunrise": 1652497511,
      "sunset": 1652551063,
      "moonrise": 1652543880,
      "moonset": 1652494380,
      "moon_phase": 0.43,
      "temp": {
        "day": 23.96,
        "min": 14.68,
        "max": 24.25,
        "night": 16.26,
        "eve": 22.45,
        "morn": 14.95
      },
      "feels_like": {
        "day": 23.82,
        "night": 15.66,
        "eve": 22.21,
        "morn": 14.96
      },
      "pressure": 1018,
      "humidity": 54,
      "dew_point": 14.13,
      "wind_speed": 4.91,
      "wind_deg": 317,
      "wind_gust": 6.45,
      "weather": [
        {
          "id": 500,
          "main": "Rain",
          "description": "light rain",
          "icon": "10d"
        }
      ],
      "clouds": 65,
      "pop": 0.55,
      "rain": 0.18,
      "uvi": 6.39
    },
    {
      "dt": 1652608800,
      "sunrise": 1652583841,
      "sunset": 1652637536,
      "moonrise": 1652635200,
      "moonset": 1652582160,
      "moon_phase": 0.47,
      "temp": {
        "day": 21.41,
        "min": 13.14,
        "max": 24.78,
        "night": 19.24,
        "eve": 24.67,
        "morn": 13.14
      },
      "feels_like": {
        "day": 21.04,
        "night": 18.76,
        "eve": 24.32,
        "morn": 12.55
      },
      "pressure": 1019,
      "humidity": 55,
      "dew_point": 12.26,
      "wind_speed": 2.92,
      "wind_deg": 339,
      "wind_gust": 3.5,
      "weather": [
        {
          "id": 804,
          "main": "Clouds",
          "description": "overcast clouds",
          "icon": "04d"
        }
      ],
      "clouds": 96,
      "pop": 0,
      "uvi": 5.21
    },
    {
      "dt": 1652695200,
      "sunrise": 1652670173,
      "sunset": 1652724007,
      "moonrise": 1652726700,
      "moonset": 1652670240,
      "moon_phase": 0.5,
      "temp": {
        "day": 23.84,
        "min": 13.3,
        "max": 26.02,
        "night": 21.43,
        "eve": 26.02,
        "morn": 13.3
      },
      "feels_like": {
        "day": 23.61,
        "night": 21.14,
        "eve": 26.02,
        "morn": 12.75
      },
      "pressure": 1019,
      "humidity": 51,
      "dew_point": 13.16,
      "wind_speed": 2.24,
      "wind_deg": 30,
      "wind_gust": 3.65,
      "weather": [
        {
          "id": 801,
          "main": "Clouds",
          "description": "few clouds",
          "icon": "02d"
        }
      ],
      "clouds": 16,
      "pop": 0,
      "uvi": 6.7
    },
    {
      "dt": 1652781600,
      "sunrise": 1652756506,
      "sunset": 1652810478,
      "moonrise": 1652818080,
      "moonset": 1652758800,
      "moon_phase": 0.55,
      "temp": {
        "day": 20.54,
        "min": 15.04,
        "max": 20.54,
        "night": 15.04,
        "eve": 17.33,
        "morn": 17.7
      },
      "feels_like": {
        "day": 20.43,
        "night": 13.91,
        "eve": 16.95,
        "morn": 17.28
      },
      "pressure": 1016,
      "humidity": 68,
      "dew_point": 14.43,
      "wind_speed": 7.09,
      "wind_deg": 26,
      "wind_gust": 14.81,
      "weather": [
        {
          "id": 500,
          "main": "Rain",
          "description": "light rain",
          "icon": "10d"
        }
      ],
      "clouds": 100,
      "pop": 0.35,
      "rain": 2.33,
      "uvi": 7
    },
    {
      "dt": 1652868000,
      "sunrise": 1652842841,
      "sunset": 1652896948,
      "moonrise": 0,
      "moonset": 1652848080,
      "moon_phase": 0.59,
      "temp": {
        "day": 16.77,
        "min": 10.16,
        "max": 18.63,
        "night": 11.88,
        "eve": 17.47,
        "morn": 10.16
      },
      "feels_like": {
        "day": 15.63,
        "night": 10.72,
        "eve": 16.53,
        "morn": 8.62
      },
      "pressure": 1023,
      "humidity": 43,
      "dew_point": 4.15,
      "wind_speed": 8.66,
      "wind_deg": 12,
      "wind_gust": 16.52,
      "weather": [
        {
          "id": 800,
          "main": "Clear",
          "description": "clear sky",
          "icon": "01d"
        }
      ],
      "clouds": 0,
      "pop": 0,
      "uvi": 7
    },
    {
      "dt": 1652954400,
      "sunrise": 1652929178,
      "sunset": 1652983417,
      "moonrise": 1652908860,
      "moonset": 1652938140,
      "moon_phase": 0.62,
      "temp": {
        "day": 17.51,
        "min": 7,
        "max": 19.75,
        "night": 13.87,
        "eve": 19.28,
        "morn": 7
      },
      "feels_like": {
        "day": 16.41,
        "night": 13.11,
        "eve": 18.49,
        "morn": 6.01
      },
      "pressure": 1025,
      "humidity": 42,
      "dew_point": 4.39,
      "wind_speed": 4.79,
      "wind_deg": 11,
      "wind_gust": 10.86,
      "weather": [
        {
          "id": 800,
          "main": "Clear",
          "description": "clear sky",
          "icon": "01d"
        }
      ],
      "clouds": 0,
      "pop": 0,
      "uvi": 7
    }
  ]
}
